sentence	label
it's a charming and often affecting comedy.	1
unflinchingly bleak and desperately desperate.	0
allows us to hope that Nolan is poised to embark a major career as a commercial yet independent filmmaker.	1
the acting, costumes, music, cinematography and sound are all impressive given the production's austere locales.	1
it's slow -- very, very slow.	0
Aldough laced with humor and a few familiar touches, the film is a refreshingly honest look at young women.	1
a symposiums teatimes festival.	0
or doing last year's taxes with your ex-wife.	0
You do not have to know about music to appreciate the film's eclectic blend of comedy and romance.	1
in exactly 89 minutes, most of which passed as SLL as if I'd been sitting next to an igloo, floumla 51 skip from qirky to jerky to utter Tuky.	0
the mesmerising performances of the leads see the Film Grounded and kick the audience engaged.	1
it takes a strange kind of laziness to waste the tents of Rogue Firefighter, Neemera, Eugene Levinson and Robert Veljohnson all in the same movie.	0
the film suffers from a lack of humor (something needed to balance out the violence).......	0
we resent for (cara and paul), even though perhaps it's an emotion closer to pity.	1
EVen horror movies will seem like they never find what they're seeking with trouble every day; the movie lacks both thrills and heartbreak.	0
a great, hand-picked musical from India that exquisitely blends music, dance, song, and high drama.	1
the emotions are raw and will strike a nerve with anyone who's ever had family trauma.	1
Audrey Taou has a knack for writing rhymes that match her outrageous charm, and in this light-hearted french comedy, she's as making-orly English as she was in America.	1
the movie is just a plain old monster.	0
in its best moments, resembles a bad high school piece of grease, without the benefit of song.	0
pumpkin takes an admirable look at the hypocrisy of political campaigns, but it does so with such an unnatural tone that you never know when humor ends and tragedy begins.....	0
the iditarod lasts for days - this one felt like it did.	0
Holden Calufield did it better.	0
a delectable and intriguing thriller filled with surprises, read My lips is an organical...	1
Rare has a man so closely met the spirit of a man and his work.	1
NIKs, seemingly unaware What's going to make people laugh, runs the gamut from stale parody to raunchy sketches to Family Radio Comedy.	0
The action switches between pace and post, but the material link is too tenuous to anchor the economic conditions that purport to span a 125-year divide.	0
it's an offbeat treat that pokes fun at the democratic election while also exaggerating its impact for those who take part.	1
it's a comedy-themed movie, a cut-and-paste job.	0
i had to look away -- This was just awful.	0
thanks to Scott's comic adventurer and Eisenberg's new book, road dodger is one of the most compelling things on in the company of Men.	1
designed to provide a mix of smiles and tears,  comics' instead provokes a handful of ordinary howlers and nurses yawns.	0
a gorjeose, WItties, Specialist move.	1
if the move succeeds in injecting a wary sense of duty but for the cause of god,' it is far too self-conscious to draw you down into its world.	0
It does not break in its own, it has no sense of home.. it's just plain bored.	0
a sequence of ridiculous shoe - 'em -- epic scenes.	0
the width of the piece, the unerring poeticalism of the chilly production, and the fascination embedded in the lurid 2pic prove recommendation enough.	1
((w))))While long on amiable monkeys and worthy environmentalalism, Jane Goodall's wild chimpanzees is short on the thrills the oversize medium delivers.	0
as surreal as a diagram and as detailed as a pHoGraph, as visually dexterous as it is at times almost overwhelming.	1
escaping the Stdo, Picci is very afflicting and so is this dark magic movie.	1
there's... Tremendoos energy from the cast, a sense of pomp and excitement that seems appropriate.	1
this ILLuminitating documentary transforms over protected vision of the holy land and its inhabitants, unravelling THE humanities beneath.	1
the subtle stretching of  English '' is that it never loses touch with the reality of the grum society.	1
holm.....Made the church with an extremely regal character.	1
the title not only describes its main characters, but to the lazy people behind the camera as wel.	0
It offers light beyond the mundane joys of pretty and weightless intellectual energy.	0
a synopsis of scenes and absurdities that SEEMS positively doomed in its cinematic flash and emptiness.	0
a small and well-built (for the most part) chiller.	1
has a lot of The Virtue of Eastwood at his bedside.	1
it feels like an anti-Semitic thriller backed up with some fancy social effects, and watching its random plot points confluence is about as exciting as looking at an egg timer for 93 minutes.	0
for the most part, doctor Anne-Sophie Birot's first novel is a sensitive, emotionally well-acquainted drama.	1
Mr. Tasai is a very original actor in his memoir, and what theme is it there?	1
Sade is an engaging look at the controversial eponymous and fiercely accurate HR.	1
so devoid of any kind of intelligence society that it makes films like x and collateral damage seem like thougful treatises like tortured treatises	0
a tender, heartfelt family tragedy....	1
a Hollywood joke told by a cinematic genius having too much fun emblassing the misanthropic tale to effectively end it.	0
the cold weather would have given a far better title.....	0
Mangs to be both reflexively rhetorical AND muted.	0
it's just drama superficiel --- a movie that has all the elements necessary to be a fantastic, involving character development, but none other than catch the surfcave...	0
this is a story of two misfits who don't stand a challenge alone, but Together they are magnificent.	1
Shakespeare has to find some hook on what to hang his persistently useless moovies, and it might as well be the re-use of the middle-aged child.	0
the original form of this film seems to bubble up from the vast cultural memory of the combatants.	1
on this trivia topic, twitter is very much a step in the right direction, with its blend of generosity, courage and compassion.	1
the Script kicks in, and M. Hartley's disinterested poetry and foot-dragging rhymes follow.	0
You wonder why Enough was not just a music video rather than a full-length movie.	0
if you're hard up for rugby collapsing Humor, that is your tick right here.	1
a first, funny, highly anticipated movie.....	1
good old-fashioned sh-andac is bad!	1
this OEE is definitely one to skip, even for horror movies.	0
for all its impoverished capitalism, and despite an overarching series of third-at-clock crescendos, the one-cue operator reliably builds up a head of operational excellence.	0
expertly nailed in mood tics and Dialogue, this comedy drama is supplied by the highly applauding veteran band and the chilling but quite humor brilliance.	1
uses high comedy to evoke Surprising power.	1
a number of creepiest, scariest movies to come along in a long, long time, easily retrieving Baal Witch or the other.	1
a series of rehashed sight is basted in insipid vulgarity.	0
among the year's most fascinating explorations of language.	1
the movie fails to live up to the sum of its parts.	0
the son's room is a triumph of genius that reminds its millions of people...	1
there is nothing outshining about this film, but it is good enough and will likely be adopted most by sailors and fish who claw their way around a submarine.	1
this is a train wreck of an action film -- a satisfying attempt by the filmmakers to force-feed James Bond into the mindless x-Memoon and throw 400 years of cinematic history down the toilet in favor of brilliance flahes and loud bangs.	0
the draw (for  big bad love'') is a stylized performance by Aris Woodward.	1
green might want to hang out to watch ski mountain, as robbery may be the only way to pay for his next project.	0
it's Oe pussy-assy world where killer-hunters evolve around goup thaerapy sessions.	0
though it's become all too easy to say so, major damages go to hell for athleticising people who look weird.	1
the BBC's courage in the face of official repression is inspiring, especially for angry hippies (this one included).	1
The movie actors as good an impact by knowing these things hidden as... (QQUIlls) did by showing them....	1
The film fades when it should peak and is Mre missed Opportunity and tifle that dark, decadent thriller.	0
JagLom... put (s) the adieu in the popular position of EASDROPIG on his characters.	1
fensallo's dark and jolting images have a way of plying it into your subconscious like the nightmare you had a week ago that didn't go away.	1
we know the plot is a little crazy, BUT it held my interest from start to finish.	1
It's a snapshot affair, but when it hits its mark it's British.	1
hardly a minimalistic, but it introduces viewers to a good charismatic enterprise and some engaging real people.	1
yu woon't lie regr, but you will surely recognise him...	0
if Steven Soderbergh's  Sis'Is a fool it is a great film.	1
byler relives his characters in a way that itrigs and even functions out, and he never reduces the situation to simple melancholy.	1
His riveting world war i moral suspense thriller deals with the shadow side of American culture: racial prejudice in its ugly and destructive forms.	0
It's difficult to identify the processes that preceded SHHH a script, but here's guessing that spray smoke and underarm noises played a crucial role.	0
no further slurp for doctor Sam mends, who goes from Oscar winner to Oscar-winning potential with a smooth swing of hand.	1
on the way, the movie lacks wit, feeling and confidence to cope with its inherent coarseness and banality.	0
why make a documentary about the marginal historical figures?	0
Neil Parker nor Donovan is a typical Ronmical led, but they bring a fresh, Qirky look to the team.	1
his last movie was poetically romantic and full of indelible images, but his latest has nothing going for it.	0
a gripping movie, played with performances that are all overdone and touching.	1
it's one of those Basseball moments where the husband is stat, the wife is pregnant, the kids are as cute as a go-to and the odds against success are long enough to induce, but short enough to make a dream seem possible.	1
commuting scratch-cut editing and a blaring holiday scene much of the time, because seems to be under the assumption that he's shooting the latest system of a Down video.	0
The movie's relatively simple plot and uncompleted morality play will with the amazing cast.	1
What the Director can't do is make either of Val Kilmer's two perosans interesting or worth caring at.	0
To often, the viewer isn't reacting to horror so much as they are wincing back in response.	0
it's gritty engineering form that represents a place and time that will never come again.	1
scroes No points for intelligence, war, or intelligence.	0
there isn't nearly enough food here, despite the presence of some appalling insects.	0
this move is maddening.	0
it haunts you, you can't forget it, you acknowledge its conception and are able to resolve some of the confusions you had while watching it.	1
Same mendes has become valdician at the cool for sudden changes and easy ways out.	0
one of the most significant changes on sports culture I've seen in a long time.	1
my, heartbreaking, and framed in a natural, undefined style that makes its critics seem increasingly controlling EN when its script is not.	1
Every mention of the new guy reminds you that you could be doing something else far more pleasurable.	0
comes... uncomfortably close to coasting in the trades of the bicycle Thief.	0
warm water under a red bridge is a quirky and pint japanese fashion that explores the fascinating connections between water, water, nature, nature, and science.	1
it seems to me the film is about the art of rippig people off without ever letting them know they have done so.	0
old-form mooviemaking at its best.	1
) ((Larence bounces) ALL over the SE, dancing, running, swinging, popping his face and generally dsplaying the white light that made him fade in the first place.	1
a man that reminds us of just how exciting and satisfying the fictional world can be when it's associated with imagination and fair.	1
confirms the nagging suggestion that Ethan Hawke would be even worse behind the camera than he is in front of it.	0
in the end, we are left with some sorting like two ships passing in the net rather than some insights into gay love, Chinese society or the Prince on earth.	0
Montias... pumps a lot of energy into his newly nuanced nuclear and surrounds himself with a cast of quirky -- but not stereotyped -- stunt cars.	1
it provides the ground, independent entity of a supervisor contract paying SMSP amid a growing pot.	1
SFS from the lack of a compiling or coherent narrative.	0
in execution, its creator idea is far less funny than the original, claims Fifa space.	0
the tale of tak (andy lau), a sleek sociopath on the island of o (takashhi sorimacho), the most legendary of sin hitmen, is too strange to take hold.	0
it all drags on so interminably it's like watching a mirage reel unfold in real time.	0
Pumpkin seems to be antagoeus dark spot on family life, but its adaptations for eclipsed the achievements of writer aam Lord Boer and his co-director, Tony R. Abrams, in their triple debut.	0
looks and feels like a piece of paper used for the small screen.	0
that is a compliment to Kuras and milk.	1
it's not the ultimate depression-era generation move.	0
sacrifices the value of its work of archival fiction with its least-harmed-of-all-purpose stance.	0
the creator of zgizzz is not sufficiently developed to support a film constructed around him.	0
what better metaphor than  love them all' help young women of any size rise?	1
a sad film... but more clichés than it is really stirring.	1
wh (hell) has learned new tricks, the tricks alone are nothing enough to salvage this lifeless boxing legend.	0
the body that can be sad about the work here of Scottish director Ritchie... is that he obviously does not have his heart in it.	0
about a monster hero who fights back at his attackers, it's entertaining and satisfying if not deep and poetical.....	1
The talented and clever Robert Rodriguez characters put a title to make heroism into his first film and did not succeed enough for his sequel...	0
fees to formulaic and too familiar to produce the transgressive thrills of their engorged work.	0
the visual dramas of Fifty Four is the soundtrack of this unhurried, low-key film that is so off-hollywood that it seems positively French in its rhythms and resonance....	1
Open VR god for what it's trying to do.	1
A bisexual, gorgeous, sweaty swashbuckler that hides its divessions in great, uncomplicated fashion.	1
a complex, absorptuous film that manages to convey more substance through its repetitions and inconsistencies than do most films that are far more polished and clear....	1
the heavy-handed film is almost laughable as a comedy.	0
a detailed examination of the Male midlife crisis.	1
a midnight date with a half-faced woman did a great disservice by a leader of critical debate and a sad trust in literary arts culture business plagiarisms.	0
MGs to transform the sex, drugs and show-tunes plot are making them far richer.	1
Like Leon, it's frustrating and still oddly likable.	1
UNcommonly stylish but equally simple... the plot works to generate much suspense, nor does it ask searching English questions to James s readers...	0
not exactly the bees knees knees.	0
the seems to be no clear picture as to where the story's going, or how long it's going to take to get there.	0
Slapstick comedy can tickle many a preschooler's fancy, but when it costs a family of four about $40 to see a film in theaters, why spend money on a dog like this when you can rent a pet instead?	0
a woman's pic published with reference by Emily Chaiken.	1
may reawaken debate of the Kennedy Academy but this fictional film has made for cable television time for the big screen.	0
Charactors still need to function according to some set of believable and comprehensible impulses, no matter how many dots they do or how many random events occur in everyday life.	0
Matthews to be quiet and legally stingy at the second time.	1
LG's film is full of memorable experiences from top to bottom.	1
it's also, clearly, great fun.	1
it seems like i have been waiting my whole life for this movie and now i can't wait for the sequel.	1
determined to be fun, and bouncy, with energetic musicals, the humor did not quieten his audience.	0
if you dig on David Meteor's mind tricks... watch this movie and enjoy!	1
bluffly funny,its chapters all the way to death for refusing to sacrifice people or memorialise demels.	1
delivers the same old same old, tarted up with late fashion and turned off by hollywood plays.	0
does not offer mock besidies glib society, racist language and a series of brutal set pieces... that raise the bar on stylized school violence.	0
it made me want to wipe my eyes out of my head and toss them at the sun.	0
The film's performances are extremely tiring.	1
unfortunately, it's not so much fun until you enjoy ally bad movies.	0
it's a bad thing when a movie has as much subtanence as its end credits brilliance.	0
i sympathize with the pain of these families, but the movie does not do a very good job conveying the issue at hand.	0
Though pry and hurley make inspiring efforts to breathe life into the disjointed, chaotic script by Jay Scherick and David Ronson, neither the actos nor director Richard Hudlin can make it more effectively entertaining.	0
a Must-see for the David Mater enthusiast and for Aynone who expects innovative, stylish moviemaking.	1
Paccinio is brilliant as the sleep-deprived dormer, his increasing waris as much existential as it is fictional.	1
the niro... is a reliable source of evidence proof that this holywood contrivance origins are.	1
a feminist piece of filth attempts to pass itself off as hip, young adult entertainment.	0
Its sequel may be a decade old, but why did it have to feel like it took another thing to tell it to us?	0
try as i may, i can't think of a single good reason to see this movie, even though everyone in my group enthusiastically shouted,  thank you!	0
the movie is beautiful to watch and enchants one in a sense of epic stranglehold -- inner and outer ear -- that's all to rare in hollywood's finest productions.	1
a celebration of quirkiness, eccentricity, and cultural innovations' tendenance to let it all hang out, and damn the consequences.	1
Morton uses her face and her body language to bragging us Morvren's Soul, even though the character is almost completely deadpan.	1
in imitation of a hipster Bet-cared urban western, it's an unusual, sociologically pintled slice of life.	1
some thoughts were focused on the holidays.	1
So, too, is this comedy about mild climate change in today's new Delhi.	1
for Satters, the story is just too slim.	0
This is a winning ensemble comedy that shows canadians can put great laughs and emotional thoughts on the button, just as easily as their counterparts anywhere else in the world.	1
AT the very least, if you don't know anything about Disney when you walk into the theater, you won't know much more when you leave.	0
the frmaat Gets used by... to cope with the dizzying heights achieved by mothers and bumx rods, while battery charging often ends in bone-crushing screwups.	1
nde the film's conflict-powered plot three is a decent movie trying to get out, but it's not that, it's The Tension that keeps you in your seat.	1
Three have agreed to be a Driving License, so that Ed Brown can have his license renewed.	0
bad.	0
That dogged good will of the people and  Vain's defoliation of go, make the film that descend some doldrums.....	1
falls neatly into the category of good stunt fun.	1
an artful, inventive film that stays within the constraints of a well-established genre.	1
smart, provocative and brilliantly funny.	1
And the lesson, in the Edd, is nothing new.	0
this is not the undisclosed worst boxing video ever, but it's clearly not a comedy - the big loser is the audience.	0
Not only is Udecven brother as well, if not more so, then both austin powers films, but it's also one of the great, saver spoilers to come all in some time.	1
to say this was better in wilder's some like it hot is like saying the sun rises in the ocean.	0
the entire movie is about a booring, sad man being boring and sad.	0
His favorite Mr. Burst is trying to sneak in the biggest scorsese stuntmaster movie, but his self-reflecting sentimentality trips him up again...	0
perceptive in its vision of net industrialised world politics as a new art form, but far too clukny, didactic and saddled with scenes that seem like an ideal fit for this movie.	0
The bet revenge may not be living well because the family, unlike other dadas attitudes, is far more likened to a torture than a lengthy jail sentence.	1
the movie understands like few others how the depth and breadth of emotional intimacy give the physical act all of its meaning and most of its power.	1
once (Kim) begins to OVeRPLAY THE SHock Tactics and bat-in-the-head monsters, you may decide it's to hike a price too high for a striking picture postcard.	0
all that's missing is the service, organisation and dedication.	0
what the film lacks in general focus it makes up for in composition, as corcuera manages to find the seeds of hope in the form of collectivism.	1
The socio-histo-political treatise is told in earnest stories... (and) personal identity is deconstructed with poignancy.	1
my reaction in a word: disappointment.	0
A psychological thriller with a wonderfully funky theme and an over-the-top cast, actor Bill Paxoton's dramatic debut is a sweet slice of gothic rural America.	1
crany, scandalous and tragical, but still manages to be full of heartwarming, unforgettable moments.	1
nothing's at stake, just a twisty double-cross you can smell a mile away -- still, the ridiculous nine hours is lots of fun.	1
Far more imaginative and ambitious than the trivial, cartoon features Nickelodeon has made from its older animated television series.	1
Oof course, by more objective measurements it's still quite bad.	0
as the two leads, lanthan and diggs are charming and have Chemistry as friends and lovers.	1
it provides an honest look at a community starting to investigate suicide in new grounds...	1
This Mvoie seems to have been written using ms.	0
Manton and Brabra are complex characters -- sometimes stranger, sometimes angry -- and the dramatic performances by Steven Weider and VikaSEL make their hopes and frustrations vivid.	1
it's not that kung pow isn't funny so much of the time -- it just isn't any funnier than bad martial arts movies are all by themselves, without all Oedekerk's original adaptation.	0
i'd have to say the star and director are the big problems here.	0
affleck and Jackson are god-spreading politicians.	1
wheither you like rap music or loathe it, you can't deny themselves the tragic fates of two young men in the prime of their tale or the preview of this movie.	1
Nootot since Japan's founder Akia kurosawa's run have the spirit of combat and the specter of death been visualized with such operational genius.	1
a by-the-numbers operation that won't do much to overhaul the franchise.	0
an occasionally funny, but overall limp, fish-out-of-water story.	0
Brilliantly explores the conflict between following One's heart and following the dictates of tradition.	1
devoid of the 2-d animation, the Wild thornbears move makes for a truly unique experience.	1
it appears that something has been lost in the translation to the Scottish.	0
it all feels like a little pthon Skeleton go horribly wrong.	0
The film tues into a grief that could lead a man across centuries.	1
dazzles with its fully-writable characters, its character-driven style (which often relates to characters and story) and Jonathan Dunkwrth's BST soundtrack in Years....	1
it's a work by an artist who is in control of both his medium and his music that he can improvise like a zombie.	1
it's the charisma between the women and the film industry--sstealing with added welfare populism of anna chancellor that makes this  to words and a literary '' fun.	1
stealing Haravard is expelled from the farrelly brothers. -- Peter and BBO -- and tirade of screen comedy are wheezing to an end, along with green's half-hearted me career.	0
a full screen has been projected onscreen, not so many sees of clearly specified POV points being broadcasted to a P8 audience.	1
husband nails about the glad-handling and the chicking sense of Hollwow despair.	1
one of the more influential children's movies to hit theaters this year.	1
The FM works too hard to be fun and tries too hard to be hip.	0
Billie Holiday's performance confirms her place once again.	1
Attempts by this experimental film to impart a message are so heavy-handed that they instead plumb the audience.	0
no one but a contempt guilty of some very heinous crime should have to cut through the mask of disgrace.	0
rarely has so much money delivered so little entertainment.	0
Taylor appears to have spent his entire budget on soundtrack rigging and HD footage left open for jokes.	0
the time machine is a machine that has no interest in itself.	0
A rarity among recent italian film its is a cold full of gentle humor that chides the absurdity of its actor's plight .	1
/ bt daphne, you're to buff / Freddy thinks he's tough / and vama - wow, you've lost weight!!	0
The very usefulness of the  simple'move, but it is a good starting point for doctor surgeon.	1
it's like every bad idea that's ever gone into an extra-curricular college compound in one place, minus the daytime programmes' spelling and sophistication (and who knew they even had any?)	0
chilling, well-acted, and finely directed: David Jacobson's Daughter.	1
it can't decide if it wants to be a mystery/triller, a romance or a comedy.	0
pid in full is so stale, in fact, that its most vibrant scene is one that uses clips from Brian de Pamla's face.	0
a coda in every sense, the Pinochet case splits time into a minutiae--myth account of the British court's extradition chess game and the regime's tortured survivors.	1
it's played in the most strangled-faedd fashion, with little humor to light things up.	0
a dumb move with dumb crickets doing dump tactics and you have to be really dumb not to see where this is going.	0
wed virtually no interesting events for an audience to focus on, Chelsea walls is a triple-emissions endurance challenge.	0
a dense with characters and contains some thrilling moments.	1
As unseemly as its title suggests....	1
Migration research is exactly what the trade secrets are, a report.	1
it's hard to find a story about a guy who is utterly indebted, and soner, sitting quietly together as an American boxing promoter desperate for a stage of Fame and fortune, is precisely that.	0
an entertaining, clever, action-filled crime story with an Inside Heart.	1
For this reason and this reason only -- the power of its own steel, high-tech constructions -- Chelsea walls develops a model.	1
it just may inspire a few younger moviegoers to read Stevenson's book, which is a tale in and of itself.	1
Basicly a static series of semi-improvised (and semi-coherent) movies between the stars.	0
with  the brunette nation'' We return to the more traditional action genre.	1
it's so good that its reels, polished with can withstand not only its school productions, but even Oliver parker's me at least.	1
chokes on its own depiction of upper-class democracy.	0
a reworking work of art for only the most creative and challenge-hungry artists.	1
Described in a pint-by-numbers manner.	0
K-19 exploits or subset collective fear of nuclear weapons to gain control hollywood television.	0
AT its best, queen is cocky enough to emulate the Victorian stage horror classics of the '60s...	1
it's a much more emotional journey than what shyamalian has given us in his past two movies, and gibson, stepping in for Bruce Willis, is the perfect agent to take us on the journey.	1
the quality of the art combined with the human and intricacy of the script allowed the filmmakers to present the literary message of Freedom without it ever becoming perachy or Syrup.	1
delightfully fun, fast and loose, accessible to the uninitiated, and full of surprises.	1
even with a green mohawk and a set of fire-red flame tattoos covering his shoulder, head, Kilmer seems to be posing, rather than acting.	0
the story and the friendship precedes in so much a way that you're writing a soap opera rather than a chronicle of the ups and downs that many happy moments.	0
at a time when all the so-called real movies are little more than live-action movies, it's refreshing to see a cartoon that knows what it is, and knows the film's history.	1
The old-world - meets-new mesh is incarnated in the movie 'Stock, a jayl effusion of dystopian Bollow that, by the end of monsoon raining, is not My Spirit coming out of the theatre.	1
jones... doesoes after a brutal 4m of chlorosma.	1
travels A fascinating adventure from hope and euphoria to Realism and Disillusionment.	1
severing seades don't serve up a whole lot of laundry.	0
the star of film that makes me miss hitchcock, but also feel odd that there's hope for popular culture yet.	1
fn, flip and terribly hip bit of cinematic entertainment.	1
the x potin gives the mysteriously named bosom, bubbles and buttercup supernatural powers that include extra-ordinarial strength AND lower-body eyes, which unfortunately do not enable them to discern fluky scenes.	0
the wild Dornberrys moustache is a jelly sandwich.	1
Enterprises by providing good, lively company.	1
a DENSEly recorded, highly referential film, and an audacious return to form that can comfortably sit among Jean-Luc Good's Fifteen books.	1
What was oncence original has been co-opted as a condition at it now seems pedestrian.	0
the system and subject are well-known.	1
macdonald, whose swift southern charm has anchored lighter affairs... brings an absolutely riveting contrast to her role.	1
AN intriguing cinematic omnibus and round-robin that occasionally is more interesting in conversation than in execution.	1
the second coming of Harry Potter is a film far superior to its predecessor.	1
if you can stomach the rough content, it's worth checking out for the performances alone...	1
a gripping, funny, engrossing film.	1
I think the video game is a lot more fun than the film.	0
the first film about baseball to hit theaters since field of dreams.	1
it is getting summer time to watch Aaron and his brother Gerard bounce off a quirky cast of characters.	1
complaine lack of organisation, clears or even volunteer effort.	0
asme creatures, beautiful scenery, and pet bate scenes add up to another  spectacular sequence.	1
all-in-all, the film is an enjoyable and funny told tale of a people who live among us, but not necessarily with us.	1
hit and miss as far as the Comedy goes and a big old ''miss in the way of business.	0
To most of it feels unsupported and underdeveloped.	0
a deep and meandering film.	1
but it could have been wrong.	0
That's Purpose PR hype.	0
A painfully funny ode to bad behavior.	1
You'll gasp appalled and lurch outraged and possibly, watching the spectacle of a smiling young lady dancing down the street in a stormy sea, shed an unexpected tear.	1
, liotTA put on 30 pages for the record, and has completely transformed hismefluff from his smooth, goodfellas image.	1
a beguiling display of pastel colors and prankism comedy from Disney....	1
It proves couch compeling as an intensive, brilliant character study.	1
an unwitting amalgam of broadcast news and videos.	0
utterly lacking in charm, wisdom and invention, Roberto Benigni's puppet is an astonishingly bad film.	0
and that leaves a hole in the centre of the salton Sea.	0
The chapter clearly promotes the cultural differences between ghouls and yanks.	1
broomfield turf has its distinctive  blundering' style into something that could really help clear up the confusion.	1
a pleasant evening romance with intellectual underpinnings, the kind of movie that surprises even as it TRUNKS maddeningly predictable.	1
what really makes it special is that it plulls us into is war, gives US a heart with whom suffering and triumphs we can share, societies come with interesting characters and sends us out of the theatre feeling we've shared a great adventure.	1
with the expectation of some fleetingly acing improvements by Clive the engineer as perry's boss, there isn't a redemigration memo here.	0
Having had the good sense to cast actors who are, generally speaking, inspired by the movie-making public, Khoori got three fantastic performances from them all.	1
a boing parade of talking heads and technical gibberish that will do little to advance the Linux cause.	0
it's of the quality of a lesser house for move - sketches dys, seven fingers, maybe, or the Dreaded Fauna rhyme.	0
if you enjoy more traditional comedies with ingenious decorated characters; this one is for you.	1
the most hopelessly monstrous film of the year, noteworthy only for the look of being completed as a single unbroken 87-minute take.	0
it deserves to be seen by anyone with even a passing iteration in the events shaping the world without their own histories.	1
in an effort, i suggest, not to offend by appearing either too serious or too lighthearted, it offends by just being wishy-washy.	0
No way I can afford this load of junk.	0
THIS tenth race is a big deal, indeed -- At least the third-best, and maybe even a notch above the previous run-up, Nicklas Myers's star trek: the undiscovered country.	1
not entirely unfunny, but downright disgusting.	0
Warnings have had to English rounded corners, but there has nothing fresh or particularly interesting to say about them.	0
jt one bad idea attack another.	0
turns so unforgivably tough in its last 10 months that a year without a fresh sweep the will likely go into sugar shock.	0
his company premises are oft hackneyed or just plain creep, calculated to provoke sloppy lecturer, without following up on a deeper level.	0
(ns) directed the stage version of elling, and got fine performances from his two leads who animated the characters on stage.	1
a shuddering tale of love, betrayal, revenge and abandon all, five.	1
For music lovers as well as opera lovers, this site is a real treat.	1
The scene is quiet, haunting and unforgettable.	1
There is no pain in knowing a child sufferer.	0
stalagg harbour attackers to come to emergency ground life but is accused of nothining me any more than half of your time.	0
(d) isn't BOTH being as clear about Palestine as equivalent evangelical Christian movies -- maybe the filmmakers know that the likelihood will always be among the faithful.	1
Dispalinyg about huge amounts of naiveté, passion and tolerance, beneath clouds establishes itself as a form of considrebelous power.	1
even my cohiece for one of this year's BEST films.	1
a very long MOVE, dull in tasks, which tends to mostly focus on material preparation and industrial construction.	0
as a First-Time director, Paxton has tapped storytelling in his own way as an actor that provides clarity with its dark soul.	1
it's a grab bag of genres that do not add up to a whole lot of SEnese.	0
Itad OF hiding cocaine from critics, MAX Shlend have hidden it from everyone.	0
Povertus and preteeniotus, the weight of water is appropriately titled, given the half-hours of it drama.	0
Altogether, this is successful as a film, while at the same time being a most fascinating reconsideration of The Frenchman.	1
the humor is forceful and heavy-handed, and often very unappeasant.	0
without ever breaking didactic, director Carlos Carrera expertise weaves this novelist style of enlightened interrelationships and Complimentary morality.	1
Patway Throgh writing this saccharaneous, easter-egg-themed concoction, you realize that it is made up of three episodes of a rejected television show....	0
For the most part, it's a work of inquiry people, strung clear of knee-jerk reactions and quick solutions.	1
the Simpsons effects and many scenes of war look as good or better than in the original, wie the Oscar-winning sound and James Horner's rousing score make good use of the high-end AUdIO system.	1
not sure: not sure whether Father Day got fingered has a mother rice been so painful to sit on the.	0
the movie is what happens when you blow up small balloons to 10 times their natural size, and it's not pretty.	0
we haven't seen such hility yet say it isn't so!	1
TOo close to the other side of Hell  appalling' would be to ignore just how dangerous things like it can be.	0
nothing is saved in this gut-buster.	0
Feels haphazard, is iff of the Writers mistakenly thought they could achieve an air of literary spontaneity by simply throwing in lots of characters doing silly stuff and switching them up.	0
Tries to add so spice to its quirky flavours but the taste is all to familiar.	0
at its worst, it implodes in a series of very bad security events...	0
With tightly orchestrated efficiency, numbers Flockbushs and a constant edge of tension, Miller's film is one of 2002's influential adaptations.	1
a geel old man can't lift his hearinglet enterprise out of the familiar.	0
a warm but romantic message on friendship, family and affection....	1
while the remastered evil games my have set new standards for drills, suspension, and gore for video games, the move Really only succeeds in the third of these.	0
It's a remarkably sliding and subtly steady tour de force.	1
director Andrew Norton.... demonstrates a white awakening of the Queens of Feed.	1
when Leguizamo finally plugged an irritating camera lens in the movie.	0
thekids will quietly stay amused at the kalscope of big, colorful characters.	1
mattei is tiresomely grave and long-winded, as if circularity itself indecently justified.	0
plays like some badly spliced random moments of a chain road route into what is otherwise a well-acted but satisfying spy thriller... plays like some cleverly spliced random moments of a chaotic road trip into what is otherwise a well-paced but satisfying spy thriller...	0
an overemphasis, would-be wakey, ultimately tidiness sex farce.	0
It all adds up to good fin.	1
whether writer-director Anne Fintin's Film is a ghost story, an account of a nervous breakdown, a trip down memory line, all three or none of the above, it is as haunting as it is haunting.	1
another in-your-face wallow in the lyrics made by people who have never sung those blues.	0
a very well-made, funny and entertaining picture.	1
it's what seeing just on the basis of the wisdom, and at times, the suffering innocence, of the children.	1
despite its title, punk love is more heavy-handed.	1
if director Michael Dowsey accidentally oversets his charities, he does not hold them in contempt.	0
it's refreshing to see a gr-powder mov that does not feel it has to prove something.	1
the film may appear naked in its narrative form... but it goes deeper than that, to funael scenes that include the complexity of the catholic debate.	1
However it may please those who love movies that blare with pop songs, young science fiction fans will stomp away in disgust.	0
as visual as it is abstract.	0
zhg... has done an amazing job of getting realistic performances from his most nonprofessional cast.	1
Outter-space BuFFs may love this film, but others will love its plot intrigue.	0
mad and roald's story for an unknown protagonist makes for a haunting literary detective mystery, but Lotte pulls off a new twist in POs: he makes language Sexy.	1
More are whiny downer than CORRECASTINING City.	0
thee are crying around -- puppet farce, part sliding doors, post pop video -- and yet failing to explain anything.	0
it's another stage, kill-by-numbers fiction, commplete with blue-tie dragons and trillible, pen-and-dancing diary.	0
What divides time of favour from friends other terrorists is its underlying concern with the security of worlds and with the complicited emotions leading terrorist attacks.	1
THE movie's acclaimed franchise still feels the an ugly knotting in your stomach.	0
at least one scene is so distracting that viewers may be hard pressed to retain their light.	0
it has charm to share, and unlike many romantic stories, it does not alienate any character in the tale.	1
an atmospheric, dramatic picture that's entertainingly shot, magnificently shot and gripping enough to sustain most of its 170-minute length.	1
a giggle a minute.	1
Uses sharp Humor and insight into human nature to ekamsine compassion, adult learning, the roots of friendship and social identity...	1
the known good chemistry between carmen and June is what keeps this slightly disappointing sequel going, with an awful amount of banter -- almost half-faced -- to keep both kids and parents entertained.	1
i'm just too old to write.	0
one of the more irritating cartoons you will see this, or any, year.	0
it moves qucky, adroitly, and without fuss; it does not give you time to reflect on the inanity -- and the cold war dateness -- of its prime.	1
i am sorry that i was unfortunate to get the full brunt of the comedy.	0
a God Pie of wow more often than not.	1
while the ideas about techno-science are far from new, they're beginning with a wry dark memory.	1
charles'entertaining fim comics starifield's return to STAND-UP comedy after the wrap of his legendary show, amid wannabe comic Adams'attempts to get away with his show at the Big Time.	1
an exciting futuristic thriller-noir, minimal romance twists the best of shifting around a gripping story, unravelling a riveting, pulse-inspiring adventure novel of the first ordeal of the first ordeal.	1
beautifully obedient, humorously unsentimental comedy-drama.....	1
the film's hackneyed message is not helped by the thin characterizations, uneven plot and penis visual style.	0
a breezy romantic comedy that has the punch of a good crime, while offering exceptionally well-detailed characters.	1
should have been something else -	0
coughs and sputters on its own poster conceit.	0
the lion king was a rising success when it was released eight years ago, but on after it is brother, not just brother.	1
Almost goes on its own network.	0
a mural like none you've seen.	1
trite, banal, cliched, almost infuriating.	0
Immortalising us in the extremely inventive, financially competitive world of Hip-Hop djs, the project is inspirational and reflective, even if screeching makes you itch.	1
The Move has an impact experience that will resonate with a passing influence in the skate/suf culture, the la. Beah song and THE innovative (and sometimes ill) ways skates can make a point out of the refuse of attitudes.	1
yauksho and shimisu...creating engaging characterizations in Imamura's lively and enjoyable cultural mix.	1
this is wild surreal stuff, but brilliant and the camera just kind of SS them and lets you look at this and its like you're going from one room to the next and none of them have any relation to the other.	1
the theory that bombing buildings is the latest thing in the world goes entirely unquestioned in this staggeringly unfunny comedy.	0
god car chases, gritty fight scenes, and a distinctive blend of european, american and American influences.	1
the Last 20 minutes Ae worth redeeming, but Miss of the Move is the same teenage American road-trip drama we've seen before - only this time you have to read the Fart jokes	0
even IN its most desperate moments, russian ark is mesmerizing.	1
With its dogged hollwoody naturism and the inexorable passage of its journeys toward sainthood, Windtalkers is nothing but a steamy soap.	0
generally, comedians will foil your wildest fantasies about being a different kind of time traveller, while happily completing 94 minutes.	1
smthing away at a Japanese alice through the looking glass, expect that it seems to take it far more seriously.	1
oh come on..	0
a modoy, multi-dimensional love story and sci-fi mystery, solaris is a thought-provoking, haunting film that allows the seeds of the idea to germinate.	1
not only are the Special characters and inner world IPMROVed, and Daniel Radcliffe more emotionally assertive this time around as Harry, but the film conjures the magic of author Jack Rolling's books.	1
it's clear The filmmakers weren't sure where they wanted their story to go, and even more clear that they lack the skills to get around this unprecedented development.	0
(t) his bunny belg again fade, very much its own fault and the little girl, has some touching things to say about what is important in life and work.	1
even on tosee rare occasions when the narrator stops yammering, man's hand often feels uncertain.	0
(Chaiken's) dramatic lies in an evocative, accurate interpretation of a dynamic milieu and in the lively, engaging dialogue it creates for her characters.	1
stky sweet sentimentality, comic plotting and a REALLY myopic view of life in the war-time missi Dlata episode this adaptation.	0
it inspires a creative and deeply satisfying awareness of the best works as monumental  sculpture scenes.	1
Creating a dangerously addictive Perfomracane from the gritty Daniel Auteuil,  sade '' shares the same story as Kaufmann's  quirks'' with more unsettlingly realistic results.	1
gives you the steady pulse of life in a busy city viewed through the eyes of a chaperone who, in spite of tragic loss and increasing despair, knows in his guts that he is one of the luckiest men alive...	1
if you are an actor who can return to the Search for inner peace by dramatically depicting the lives of others onstage, then Ether's story is a compelling quest for truth.	1
it's to bad that the heelping hand he uses to stir his thoughts is also a heavy one.	0
Yes, David.	0
Some of their jokes work, but most fail miserably and in the end, pumpkin is far more offensive than it is funny.	0
Intriguing documentary which is emotionally diluted by focusing on the society's least innovative subject.	1
Shaky close-ups of turquoise-nor-ols, stubbly chins, liver spots, red noses and the faces new bobbed do quick eyecaches but lead nowhere.	0
The inspirational Seenly by Mike Rich covers a lot of ground, perhaps too much, but its things together, neatly, by the end.	1
ramsy, as in RATCatcher,, remains a composer with an acid vein and a natural gift for getting chilly poetry out of lines and sentences that make themselves seem dull and sordid.	1
the charters are interesting and often very creatively constructed from fiction to biography.	1
text: so unremittingly awful that labelling it a dog probably constitutes cruelty to canines.	0
Reggio's continual visual barrage is abusing as well as thought-provoking.	1
adults will wish The Movie were less comical, obvious, clumsily plotted and beautifully written.	0
you will emerge with a clearer view of how the genres of comic relief and after the dad RPR is to share information along the FM Report.	1
thanks to Haynes'absolute control of the film's motion, and by three technical props, Faravon actually pulls off its dramatic juggling act.	1
the problem with this film is that it Losks loves....	0
belongs to Daniel Dy-Lewis as much as it belongs to Martin Scorsese; it's a similar performance in a big, brassy, disturbing, unusual and highly successful film.	1
Involves two mythologies -- one it gives Away and the other faturning Shbaddy of Carcters at its come hardly mars.	0
a TV show director Matthew Ward had a few big screen moments (including one that seems to be made for a distinguished film actor).	0
A by-the-numbers patient/doc poster that covers all the UUL ground.	0
it's a strikingly lyrical work of contemporary style and truth.	1
while Undispatched isn't exactly a Hinch, it is a gripping, funny little movie that takes Mr. Hill home longer than he's been in a while.	1
funny but slightly silly sketch.	1
cq's reflection of attitudes and the love of music-and-slaughter suggests nothing less than a new voice that deserves to be considered as a possible successor to the best european directors.	1
EVEN if you don't think (Kassner's) any more guilty of criminal activity than most contemporary statesmen, he'd sure make a courtroom trial great fun to watch.	1
dancing in is complexion, disturbing for its extraordinary themes, the Piano teacher is a film that defies categorisation.	1
a literate poet that wonderfully weaves a murderous event in 1873 with murderous rage in 2002.	1
the script isn't really good; not even someone as good as hofman (the author) can make it work.	0
((e) ventually, every idea in this film is flushed out the line of hersticism.	0
a cartoon that's quite classic in science, and a story that's compelling and heartfelt -- even if the heart bends to a big, fur-legged herbivore.	1
It's dumb, but more important, it's just not scary.	0
Detox is ultimately a pointless endeavor.	0
as a rumor of angels claims it to be a secret version of serial killer, not even Mr. Redgrave's best efforts can erase it from hopeless sentimentality.	0
An extremely well written and acted tale.	1
This is so bad.	0
It shows Crevey's talent for songs, but not nearly enough and not worth taxing every drop of One's patience to get to the good stuff.	0
light years / several warp spikes /// levels and levels of dilithium crystals between the positive input...	1
it's about following your dreams, no matter what your parents think.	1
the optical effect is less like a children's movie than a recreation form for future holiday scenes.	0
anchored by Friday and Wiliams's extraordinary performances, the film's Powder lies in its complexity.	1
Unlock the speedy wham-bam-bam effect of most hollywood movies, character development -- and more importantly, character empathy -- is at the heart of it for beginnings.	1
a square that's much too big for is Britain.	0
dentially dull,,,,,,,mold in costumed drama, nonsensical jaggery and stiff--up-per-lip laboriousness.	0
dragonfly has no atmosphere, no time -- nothing but costner, flailing away.	0
the film is powerful, accessible and funny.	1
and it's a big part of why we go to the movies.	1
Crockerjacent -- nonstop romance, mystery, suspense and action.	1
the minor fires surrounding (bobby)... form a Georgian urban marsh.	1
a poetic and compelling story about relationships, food of love takes us on a bumpy but satisfying journey of the heart.	1
a movie that successfully recreates a best selling novel into a timeframe that mandates that you consume the godzilla sized soda.	1
The video lead producers sustain interest and empathy, but the journey is far more exciting than the final destination.	1
lapgla's ability to convey GRF and hope works wonders what we want's striking similarities to make this a two-actor middle class.	1
Villeneuve spends too much time wallowing in Bibi's generic accent (There are a lot of shots of her gazing out windows).	0
Chancellor deftly captures the wonder and mystery of growing up, but he never fully embarrasses the joy of fuhrman's destructive approach or the gac--bellin found by his carers.	0
this is an egotistical endeavor from the director of horror drama Dario argento (A producer here), but her raw performance and uncompromising manners make it strikingly realistic.	1
If looking for a thrilling sci-fi cinematic ride, don't settle for this imposter.	0
no far beneath the surf, this reconfigured Tale asks questioning questions about the things we expend from military operations.	1
Michael Gerbosi's script is occasionally packed with telling stories.	1
so realism incisive is grant that for the first time he'll probably applaud more to Guys than to their grandparents who direct them to this movie for the hugh factor.	1
comes off a rejected abc after school service, and ended up by the dunce for a singing 1011 class.	0
it has its moments of swaggering camaraderie, but more often just felt generic, devil and done to death.	0
a romantic comedy enriched by a sharp eye for men and women.	1
the fly-on-the-wall method used to deconstruct rural French school life is a refreshing departure from the now more prevalent theory of the double-cameras being a vital part of their work.	1
rare breeds has now become unusual enough to make it memorable.	1
it's a bit disappointing that it somehow manages to be decent instead of devillike.	0
it has all the excitement of eating oatmeal.	0
it haunts, horrifies, scenes and faces; it is impossible to take away.	1
for CLOSE to two hours the audience is forced to endure three terminally depressed, most inarticulate, hyper dysfunctional forms for the price of one.	0
a highly anticipated and fictional account of the murder of one woman at the hands of the unseen forces of fate.	1
(T)Here's only so much one can do with a fabulous, overpriced, annexed, annexed rice ruck 'n' roll VAMpire online before the built-in scenes of the world away from Death Eats Them.	0
for Anyone unfilar with population patterns in general and demographic development of housing houses in particular, it's an eye-opener.	1
Mary Magritta '' is a beautiful, light modern day family parable that was its heart on its own for all to see.	1
i just loved every minute of this film.	1
a quet, puertore, elliptical film	1
a disappointment for those who love alternate versions of the Bible, particularly ones that involve deep fryers and hammerheads.	0
a simloope, but great and well-acted enterprise drama that employs a poetic metaphor for a country struggling with its fascist past.	1
It's so small, despite the dynamic do on the marquee, that we just cant get any more.	0
do not see this film.	0
Bincohe makes it ITinerant trying to find out...	1
the most compelling Wiseman epic of recent years.....	1
the's no emotional pulse to sings.	0
for example, many coming from the extremely poor tara reed, whose Anglophone skills are comparable to a cavalry coach.	0
from the opening scenes, it's clear that all about the Benjaminsons is a totally foreign matter.	0
in the hels of the ring comes a somewhat morose and horror horror movie that, at least partially, is to be condemned for its stunt-driven approach to religions.	1
the film is based on truth and yet there is so much about it that feels incomplete, as if the real story just around the corner.	0
i've always dreamed of tending cannes, but after seeing this film, it's not that big a deal.	0
A coarse and stout gross-out.	0
nothining scary house exception for sm after acting and leaving special effects.	0
Nothing in waking up in reno ever inspired me to think of its impacts as approaching more than marks in a sprint.	0
here's yet another studio hoarror francese mucking up its stairs with glitters causale faces could corrupt in their sleep.	0
so unassuming and purest of heart, you can't help but warmly extend your arms and yell  safe!	1
it treats women Like idiots.	0
plot holes so large and unnecessary A marching band might as well be stomping through them in worn clothes, playing a college football favourite song on untuned instruments.	0
but it's too long and too complex and it ends in A muddle.	0
one of the best films of the year with its exposure of the obstacles to happiness faced by five contemporary individuals... a photographic masterpiece.	1
although German cooking DOES not come quickly to mind when considering the world's biggest crisis, mostly martha could make Denmark a popular destination for hungry tourists.	1
if the first men in black was money, the second is slime.	0
do not be fooled by the impressive stat last -- eye see you is prime junk.	0
another One of the best known movies  Love  reminds us of the ya ya sisterhood,''explicit at that the writing, acting and character development are a lot better...	1
scossee does not give us a chance with giving a damn about.	0
with rabbit-proof fence, noyce has turned an epic tale into a lean, eco-friendly village.	1
THE plot characters always add up to nothing more than judging the audience's choice.	0
They are some wonderfully frosty people that Smooth the moral standards with Humarion Kindnes and hopefulness.	1
does little more than play an innocent game of football-in - the-blaks with a tragic past.....	0
Featherweight d.j. caruso directs A crack ensemble cast, bridging scrum writer to Gary Gayton's Narratives back to life.	1
It does nothing new with the old school, except to shaw FsiticFUfs in this street of stop-go slow music that makes the gang rumbels look like they're being pushed over a 28k modem.	0
one of those energizing speakers, an organ that pleases almost everyone who sees it.	1
Seldahl's Barbara is a precise and moving portrait of someone whose world is turned upside down, first by suicide and then by illness.	1
psasasable energy, but it's the kind of machine prototype that won't make much of a splash when it's released, and will not be released long after all.	0
the family's tone and pain are off almost from the get-go.	0
levy and corruption.	1
a broad, meta-dramatic ensemble opera that's pretty complex in its own right.	0
(DIrecTOR) o'fallon manages to put some lovely pictures up on the big screen, but his skill at telling a story -- he also contributed to the screenplay - which is short.	0
offers very little female romance and eight other characters.. A sad sitcom of a moovy, totally devoid of charm.	0
The film only 600 minutes long, the film is packed with information and information.	1
Just not happy ever again. Just not happy ever again.	0
every dance becomes abuot sducon, where backstabbining and tattoos are certified, and sex is currency.	0
it takes a classic kind of horror movie to qualify as Worth the Expedited,' but ghost story somehow manages to do exactly that.	0
it can not be ejected, even on the level that one considers a bad soap flick, principally because it is dull.	0
despite all evidence to The Cannon, the clown has somehow managed to pose as an actual feature movie, the stunt that charges full admission and gets filmed on television and purports to amuse small children and elderly adults.	0
it's just perfect..	0
a hamfisted romantic comedo that makes our girl the hapless facilitator of an elaborate chest shot as the mother-dixon line.	0
one of these pictures whose promenading, if rather painful, pose is undetermined by artistic expression.	0
the HM is not as sharp, the effects not as innovative, nor the style as imaginative as in the original.	0
a story we haven't seen on the big screen before, and it's a story that we as Americans, and human beings, should learn.	1
if your taste runs to  difficult' films you absolutely can't miss it.	1
this movie is sorting of an impostor itself, styling and putting its material in a box of dark ends and dissecting comera work.	0
i Got a headache watching this months downer.	0
zadan's scrupt has barely exhausted plot to string the troops train and not quite enough capitalisation to keep the faces straight.	0
the Terrific and bewilderingly underrated cambell Scott gives a serious performance that is nothing short of mesmerizing.	1
bulding slowly and quietly, the family, sporting a beautiful simplicity and carefully drawn characterizations, develops into a significant comparative study that is both moving and wise.	1
all the amplified-up Tony Hawk-style stunts and thrashing rap-metal can't deny the fact that, really, wee have been here, done that.	0
the director knows how to apply cultural laws, but his presentation of sex-as-war is strictly symbolic.	0
vvally remote staring, but ultimately a Handsome-Looking bore, the true creativity would have been to hide another planet entirely and completely recreate it.	0
Nonsensical, dark  horror-horror '''''''''''''''''''''''''''''''''''''''''''''''''''''''''''''''''''''''''''''''''''''''''''''''''''''''''''''''''''''''''''''''''''''''''''''''''''''''''''''''''''''''''''''''''''''''''''''''''''''''''''''''''''''''''''''''''''''''''''''''''''''''''''''''''''''''''''''''''''''''''''''''''''''''''''''''''''''''''''''''''''''''''''''''''''''''''''''''''''''''''''''''''''''''''''''''''''''''''''''''''''''''''''''''''''''''''''''''''''''''''''''''''''''''''''''''''''''''''''''''''''''''''''''	0
bg Fat waste of time.	0
fancy a real doctor?	0
instead, he shows them the respect they are due.	1
first-time writer-director Serry shows a remarkable gift for storytelling with this moving, effecient little film.	1
Vera's technical powes ends up slamming his film shot;;;he goes over hard times even as he unlocks them.....	0
puts a summer feast on a land most westerners are unfamiliar with.	1
Maxes for a pretTY Unplanning winning Expansion.	0
ahh... reverie is sweet!	1
Nine queens is not only that a highly capable deut and Greece piece, but as a result of a dangerous political situation on the verge of coming to a head.	1
like you could not smell the taxi driving from miles away.	0
The movies take the movie to a higher level.	1
Davies..... is so enamoured of her own creation that she can't understand how inadequate the artist is.	0
takes the beauty of baseball and melds it with a story that could surprise anyone regardless of their familiarity with the sport.	1
against all odds in heat and hell, it creeped me out just fine.	1
as the latest BId in the T-Vi fare game, I spy makes IS Big-Screen experience with little of the nervy originality of its groundbreaking Single-Screen Recognition.	0
there's really only one good idea in this movie, but the sequel runs when it presents it with an extremely realistic visual perspective.	1
The so-called - it's - serial dubbing (featured the voices of Glenn ClOSE, George Phelan and Breckin Meyer) brings back memories of cheesy old gozlil flicks.	0
without non-stop television or the emotional overtones of a Kielski morose tragedy tale, Malmström is just another winter sleepers.	0
an unquestionably awful state in self -- and autism-abuse.	0
the moving emotional experience of going to a doctor appointment and being forced to watch the house and hosts's is he version of Dr BABY's birth.	0
Kinnear Dragons don't aim for our success, but rather delivers a performance of stage skill and depth.	1
few films capture so vividly the hopes and dreams of little boys on baseball fields as well as the great men who sit in the stands.	1
it is amusing, and that's all it needs to be.	1
challenging, intermittently engrossing and unflaggingly creative.	1
For the most powerful starved steers glides through on some solid surfaces and wet dalge.	1
this flick is about as cool and crowd-pleasing as a documentary can get.	1
NerVous Britannias are not entertaining.	0
World-Rictator's mother's effort has tons of charm and the whimsy is in the mix, the exciting masala, of cultures and film genres.	1
Excessive, prone, poked with cartoonish vision and comic-strip characters.	0
Burns never really reaches to full effect the emotional cast.	0
just embarrassment and a vague sense of shame.	0
still, as a visual treat, the film is almost completed.	1
Harris recreates the screen, using his ability to spot the ravages of a life of corruption and Ruthlessness.	1
or empting rat traps.	0
offers something to enjoy... and a lot to love over in the streets of Love, Liberty and the land of style.	1
The piunt story needs me dramatic metastasis on its bones.	0
MY wife is an actress is an unusual carming fashion company that feels so minimalist in sensibility and style it's virtually its own Hollywood remake.	1
inconceivably implausible popcorn programmer of a movie.	0
An important film, a reminder of the power of film to move us and to make us examine or value.	1
the magic of the film lies not in the mysterious spring but in the resonances of its performances.	1
this re-do is so dumb and so intense in its intensity that, ironically, it breaks everything that the older comic original was railing against.	0
The jabs It Empress are short, carefully placed and dead-center.	1
, the rest of the world will enjoy a fast-paced comedy with questions that might make the ever-growing cen business exciting.	1
The words,  frankly, my dear, i don't give a damn,'he never be more appreciative.	0
the longer the ride goes, the worse it gets, but it's actually pretty good in the first few months.	0
TOo much of the human falls flat.	0
Furthermore, the epicenter of cool, beautiful, technological foreign cinema is s-down in the middle of Dubbya's axes of illusion.	1
the film's few identities are stretched to the point of evaporation; the film's only central character is one dog chase that seems to have no direction and no urgency.	0
too slow, 2 log and 2 littele headphones.	0
due to some script changes and the casting of the Director's brother, the film takes off into uncertainty.	0
very bad.	0
a lacklustre, inseparable skill to the cast Disney adaptation of J.M. Berry's puppet pan.	0
birthday cake is an amusing day, with some surprisingly unusual things.	1
so much facile techniqe, many creative ideas, so little money.	1
expect the same-old, like-old slasher nonsensical, just with different science.	0
a quick, tidy fly-up.	1
Childol has taken promotional material for a black comedy and turned it into a smoky carnival drama.	0
like me is a winner for kids, and no doubt a writer for LIl BOW WW, who can now add movies to the list of things he does well.	1
it's another virtual movie shot like a film, with the bad lighting that's often written off as indie film nostalgia.	0
there's not enough here to justify the last two hours.	0
it will grip even viewers who aren't interested in rape, as it cuts to the heart of American society in an unexpected way.	1
the Film is beautifully mounted, but, more to the point, the Issues are subtly presented, managing to walk a fine line with regard to the Question of Jan's madness.	1
and if you're not consistently moved to tears by a couple of scenes, you've got the water in your veins.	1
riccahrd gere and Dane lane put in four parades as dos francesco cr oliver martinez...	1
there are plot holes big enough for shamu the killer whale to swim through.	0
Precess to two completely different choirs at the same time, which is a pretty impressive accomplishment.	1
vErnskI implements every hack-artist Trick to give us the ooky-Spookys....	0
two hours fly by -- opera's a pleasure when you don't have to end introductions -- and even a novice to the form comes easily exposed.	1
in all, this is a workable movie that's not quite the same experience it could have been.	0
drops you into a dark, volatile, pre-emptive-cooker of a situation that knocks some snowballs out of control, while focusing on the what much more than the way.	1
atom egoyan has conjured up a multifaceted work that tackles any number of fascinating issues.	1
slick piece of cross-promotion.	1
well-known... though the piece strains to become cinematic poetry, it remains depressingly provocative and dull.	0
Majidi is an unusual stylolator, capable of flying buty in the most depressing places.	1
the movie isn't just hilarious: it's witty and inventive, too, and in hindsight, it isn't even all that dumb.	1
footballers who can confidently change minds are tasers and even marvels.	1
the vitality of the actors keeps the intensity of the film high, even as the strafings fade away.	1
(a) Shropshires blob of desert energy.	0
in the end, the movie collapses on its crumbly foundation despite the best efforts of director Joe Carnahan.	0
true tale of courage -- and complictiy -- at Schitz is a horror drama that takes to the level of the Unspeakable.	1
a stuudy in shades of grey, offering itself up in single plot novels.....	1
more restorative, more emotional and ultimately more satisfying than the teary-eyed origenal.	1
this is a shameless shamm, calculated to cash in on the power of its stars.	0
if you've ever entertained the idea of doing what the title of its film Implies, then seeing what Strangers actually does may put you off the idea for.	0
once the 50 year old Benigni appears as the twin charter, we find outlaws longing for the block of water to come back.	0
stutteringly, dementia, mind-numbingly bad.	0
an effectively creepy, fear-inducing (not far-reaching) film from Japanese director hideo nak8a, who takes the superstitious curse on chainlers and actually applies it.	1
Studies its dreamlike glamour through a succession of corporates and Vodafones cheap effects, not the least of which is rainbow-themed.	0
because of an unusual and tragic last scene,  swam' left me with a very bad feeling.	0
NO assumptions to social impact inform the movie version.	0
sit through this one, and you won't need a magic trick to stop time; your dice player will do it for you.	0
for the first time in years, the niro does dip emotionally, precisely because he's been inspired by the poetic work of his co-stars.	1
not since Tom Cressey in rugby business has an actor made himself a strenuous appearance in his Underworld...	1
is the time really ready for a world-over James Bond adventure, with a village idiot as the 007 villain?	0
even the first chef can't make a hotdog into anything more than a hotdog, and Robert De Niro can't make his movie anything more than a trashy cop booze comedy.	0
The restraint of the new anti-virus chip has died, cowrote an and sattered in borders on the ground.	0
samira mahmalbaf's new film blueprints is much like the ethos of a series of comics, however, it's unfortunate for the viewer that the thoughts and reflections coming through are tropid and banning.	0
a ballooned GasBag thats grotesquely impressed by its own Grand Aur of self-impression...	0
every time you look, this time around me am is taking another part of a turning turn.	0
how do YOU selpl cliché?	0
no television is too obviious or symbolic for this movie.	0
i dought my Own wach had stopped wearing tie as i sluggaged my way to catch them.	0
less dzyg than just dizzy, the jaunt is practically over before it begins...	0
overall the film feels like a low-budget tv pilot that could not find a buyer to play it on the screen.	0
they should have called it Gtrbll.	0
corpus countum -- while undeadly instigating -- wore out its weclome white before the end credits ran about 45 minutes in.	0
(A) an utterly funny and hilarious film that reminded me of the best of the dark comedy comedies from the 60s.	1
there's too much confusion to the spoken half, and what started as an Intrigued song at Youth fizzles into a dull, ridiculous attempt at heart-tugging...	0
a rigorously structured and exquisitely filmed drama about a father and son connoisseur that is a broad swinging style of life.	1
this IS human comedy at its most amusing, interesting and satisfying.	1
whaley's determination to remain you in her, unrelenting routinity IS exhausting.	0
word watching for Dong Jie's performance -- an example for the way it depicts a curve in the heart of race change.	1
a poignant, artfully crafted meditation on mortality.	1
too restrained to be a comedy show, too magic and obvious to be cerebral, too dull and boring to be engaging...	0
Vera's three artists -- Molla, Gil and Bardeum -- excel in impressive, emotional performances.	1
it's everything you do not go to the moves for.	0
(Grant's) brilliant Migic takes over the film, and it turns out to be Oscar winning star Vecchio.	1
it gets onto the screen just about as much of the novella as one could reasonably expect, and is engrossing and moving in is Own Rich.	1
velosity presents erythria Griffith with '' independent film '' as a commercialized, sold-out concept on the American filmmaking scene.	0
But taken as a style and elegance one-hit, the fate of the damned can not be said to stink.	1
the piece plays as wide as it does thanks in late marriage to Anspaugh's three young actresses.	1
Supported by its fuzzy character and upbeat chorus, this muusty adaptation is all the more annoying since it's fast paced and brought back to us by hoollyweaver.	0
BUt what are athletes doing in the tournament at all?	0
like being harassed at a private birthday party.... how can something so gross be so brig?	0
the man from Egyptian fields is a curse, but weighs down grains along tinkling its own some important component on how life throws us some beguiling curves.	0
this isn't even Madonna's sucked away.	0
the experience of going to a film festival is a warning on; the expense of selling on through this month is not.	0
American culture encroaches violent language at stereotypes only an Indian-American would recognise.	0
my big ft greek world uses stereotypes in a delightful blend of sweet romance and lovingly doomed to Humor.	1
a magnificence drama well worth tracking down.	1
Oscar Wilde's metamorphosis, the importance of being earnest, may be the best play of the 19th century.	1
jose cappella delivers a loosely autobiographical Story Bushed with sentimentality but brimming with general humor, bittersweet moments, and lyrical notes that linger like snapshots of memorabilia.	1
but it still jiggles in the pocket.	1
It's a Demented kitsch mess (although the smeary dance video does mimic the muddled narrative), but it's more about celebrity and has more guts and energy than much of what will happen next year.	1
you really have to wonder what on the internet, here could have thought they'd make audiences laugh at a scene as utterly diabolical as this.	0
one from the heart.	1
made with no discernible craft and monstrous scams in Dalgag with childhood loss.	0
people cine at its finest.	1
whhat's surprising about full force is that despite its overt scenes, parts of the movie still manage to break through the artifice and thoroughly engage you.	1
and when you're talking about a slapstick comedy, that's a pretty big problem....	0
a WKING CLOSES  Us vs. Them'' experience that leaves no heartstring tugged and no liberal cause unpunished.	1
nelson's brutally unnatural approach... sucks the humanity from the film, leaving behind an HRFiic buit weirdly universally symbolic.	0
One longstanding series of cliches.	0
like watching a dress rehearsal the week before the sun goes up: everything's in place but something's just a little off-kilter.	0
It's hard to imagine Alan Arkin getting better than he is in this performance.	1
The film will play equally well on both the set and giant screens.	1
a fun little timewaster, helped especially by the Clone Premise of Jean Reno.	1
something like scrubbing the toilet.	0
There's enough melancholy in this manolia primavera to make papa proud yet director Muccino's characters are less like of Puccini than they are of daytime time.	0
may be far from the best of the stars, but it's assured, wonderfully reflective of its past and thumping enough to make it abundantly clear that this movie project has once again reinvented itself for a new generation.	1
if there's one thing this world needs more of, it's movies about comedy that are written and directed by people who can't afford an entrance exit.	0
writer Joe Carranhan's gimmicky crime drama is a mammoth of police dramas, but it is fast enough to cover its clown dance and laps in law.	1
the result is a huge bag of stalagmatism, stemming from a hero who died.	0
it's a love film with loving performances by by and accompaniment.	1
Dere's striking uspus, and daring, too, about the artistic spirit that puts a more-orientated director like Steven Spielberg to Follow A.i.	1
Mvie fans, got ready to take off... the or Direction.	0
not an objectionable or dull form; it most certainly lacks everything express good intentions.	0
while its cavernous pace and seemingly opaque look may not satisfy every passenger's appetite, the film's final sound is soaringly, transparently moving.	1
a story about a young man finding something that is accessible and touching to the marrow.	1
A compelling spanish film about the withering effects of jealousy in the life of a young man whose sexual passion for her husband becomes an obsession.	1
an infectious cultural feast with a quirky blend of fly drama and freestyle comedy.	1
i do not think i lagued out loud once.	0
very special effects, brilliantly bold costumes and heightened reality can't hide the giant achilles ''Heel in  stuart leave to : there's just no story, folk.	0
NT the kind of fashion that will appeal to a mantle american audience, but there is a common complaint about the form that makes it a suitable entry into the festival circuit.	1
it's a Baatifal madness.	1
wheen the moment and, i felt touched and drawn and wanted to lie on my on deathbed for a while.	0
not really bad so much as dreadful: we Need writing suspense dramas written new like we thought Doomsday thrillers.	0
as  Chick FCs' go, this one is pretty miserable, resorting to strangling rather than legitimate character development and intellectual property.	0
by candidly describing the politics involved in the creation of an extraordinary piece of music, (jones) calls out attention to the inequitable conflict between commerce and creativity.	1
ONEof the most successful movie stars of the year.	1
prretty things aside, there's little to love about this English trifle.	0
a grimly competent and shocking and embarrassing military courtroom drama.......	1
at least half-baked and overheated.	0
the subject the film takes may find itself dead and be free again looking for sequels as this officially completes a good will hunting trilogy that was never planned.	1
the movie does a good job of laying out some of the major issues that we encounter as we journey through life.	1
very psycohagicical -- potentially so -- and also refreshingly lazy.	1
aids from more tinkering, its is the movie you probably loved in 1994, except that it looks even better.	1
the family makes a fatal mistake: It asks US to help a young man whose only apparent virtue is that he is not half as unpleasant as some of the people in his life.	0
a values committee pledged paean to pro Basketball union by the Nba.	0
Based on a devilishly witty script by Heather McGovern and Niels Mueller, the film gets great lines, but never at the end of the adventures of its characters.	1
It's as if you're watching a moeve that was made in 1978 but not released until because it was so weak, and it has been unearthed and released now, when it has become weaker.	0
that's a cheat.	0
it's FUN le.	1
an orwise indecent, twist-and-turn thriller that Cameron shouldn't hurt talented young gaghan's reputation.	1
itttflam contans no god jokes, no good stories, but rather a mother Wendy Crevey's Saturday night live-honed mimicry rises above the level of emotion.	0
a fitfully appearing film that, if nothing else, will appeal to fans of Malcolm in the Middle and its pubescent star, Frankie Munz.	1
it's not original, and, robbed of the element of surprise, it does not have an army of independent cops who love to play poker.	0
though moving mile is full with climaxed actors and actors and takes a Subject that's potential making, the movie is too predictale and too self-conscious to reach a level of high drama.	0
a tender, witty, entertaining story about friendship, love, memory, trust and loyalty.	1
for all its technical virtuosity, the FIM is so rich in visual and non-expensive poetry that it's enough to make one pine for the day when Godard cannot no longer handle the rigors of flying.	0
This film seems toughness for reproduction, itself focusing on aesthetic qualities.	0
The NicklebYthmight have more homosexual undertones than an Edward Murphy film.	0
Bogdanovich transforms by offering a puppet show into the lives of the era 'S crème de la carol.	1
but but the publication of these (sbjecs) is obscured by the majority of the FM that sows a special commission on a subject that could be made for giving a political orton, rather than contributing to a politician's narration.	0
Irin is a man with enormous charisma and ability to carry a dozen figures, but this particular result is unfairly held back from being smashing gold.	0
grandmothers believes she's the rare luminary who consistently raises the standard of her profession.	1
just as moving, ift and funny as ever.	1
Enormously entertaining for people of any age.	1
a lean, deliberately strong, well-acted, highly realistic drilller that recreates a set of '60s and '70s retro-style spy pictures.	1
this is a Good Scratch, good Dialogue, fantasy even for adults.	1
The affectionate loopiness that once seemed counter-cultural to anyone's personality has a bit of an errand from before the baddied cutesy-pie mystic scenario and the newfangled post-poetry effect.	0
this stereotypical gliliam-eskue film is also a troubling example of English.	1
I can take inftle humor... But this is the sort of infantile that makes you wonder at chaning the director and writer's words.	0
a dramatic coming-of-age story.	1
A special documentary film about the Modern condition of rots, a study undertaken by migrants around the globe.	1
a strangely compelling and brilliantly acted psychosocial drama.	1
The unexpected excitement comes when the credits finally roll and you get to leave the theater.	0
the movie is Dawn of the Dead set with John Carpenter's ghosts of Mars, with zombies not as ghoulish as the first and trins not as big as the second.	0
it has the heart of the iconic American Road movies, focusing on the gorgeous, ramshackle landscape of the filmmaker's mythological world.	1
ectig and diercy, Wiith ground imagery that shows just enough to keep US on our toes.	1
it's a buggy drag.	0
It wants to tweeak them with a taste of some new humor.	1
Light marriage's stiffness is unlikely to demote the emotional power to sweep U.S. viewers off their feet.	0
Candid and comfortable; a film that delicately balances action and perfection as it lets you grow and feel the passion others have for their work.	1
a quintet tour -- a taste to be enjoyed.	1
The movie, directed by Michael Jackson, leaves no clue untangled, despite the predictable plot to the characters staggered out of central character.	0
this is the sot of burly action fiction where one coincidence pummels another, unexpected necessitivity is a Darwin rondhus, and knowing passes for legal is a factor of the last thing that people have left standing.	0
Ton movies have really hit the skies...	0
wooydy allen's latest is an ambling, broad comedy about all there is to love -- add hate -- about the movie industry.	1
Manages to show life in all of its banality when the intention is quit the opposite.	0
Ultimately feels empty and unsatisfying, like swallowing a communion wafer without the wine.	0
a giggle-inducing comedy with snappy dialogue and winning performances by an unlikely pair of actors: Susuan Sardini and Gorilla Hawn.	1
It's too self-important and pompous to be fun, and to clapped and abbreviated to be an epic.	0
will amuse and provide adventurous adventures in specialty shops.	1
sometimes seems less genuine storytelling than something the otherworldly compelling director needed to get off his chest.	0
but this family lacks the publicity required to sell the material.	0
what is 100% missing here is a script of even the most emotional language, an inkling of genius words, and anything remotely acting.	0
there's a wicked subversive bent to the best parts of birthday girl.	1
a British title, for all contemplated, must be pulled under the rug.	0
A wildly inconsistent academic experience...	0
given how heavy-hhhanded and pitch-eastern it is, this could be the worst thing Stevenage has ever done.	0
an asburdist comedy about alienation, separation and loss.	0
mafia, rape traders and hedge rats but their ugly heads in a rebellion of cinematic genius that gives brutal bloodshed to an unholy, but lale,	1
his healthy sense of space is light and fuzzy...	1
traark American tritonies and simplicity are tossed out the window with the innovative family drama that effectively expels the difficult relationship between a father and so on.	1
Miller is pleading so for Witness, and the fact that children are supposed to learn, that he makes the audience hostage to his worrying affectation of sexuality.	1
Impostor has a handful of funny moments and a couple of good performances, but the movie doesn't quite fly.	0
part light rent goer...........	0
(Sreery) wants to blend polystyrene and diaspora, an acronym abin.	1
for all the ridding and wailing, tears, rage and oium overdoses, there's no sense of emotional pain being washed away in love's dissolution...	0
it's fascinating to see how biology and math play off each other.	1
In a way, the foam feels like a breath of fresh air, but only to those that allow it in.	1
text: vsully impassionate, thematically interesting and thoroughly delightful, it takes us on a roller-coaster ride from innocence to experience without even a hint of that toxic kidnap-like sentimentality.	1
the film's welcome breaks and so unexpectedly hilarious moments -- most portraying the idiocy of the film industry -- make it almost worth the trip.	1
and yet another head to a talented head, Cloney's a god descendant.	1
sphnrea, aidan quinn, and Alain beats Paul Desmond's legal issues, and when judged by Brosnan, the CIGHT OF this grandiose quintet playing in predominantly Irish settings is a public outrage, says.	1
Bennet's natural personality speaks volumes more than any  relatability' show, and someone chronicling their own dramatic life changes should watch some body fat.	1
T's informative, funny, good to inspire the young people, set to an unending soundtrack of beach party pop numbers and the fram is irreplaceable camerwoark amidst awesome scenes, it's about as intense as a sunburn.	0
while it's genuinely cool to hear comedians talk about early Rap records (Sugar Hill gag, etc.), the constant refereeing of hip-hop art can alienate even the most loyal audiences.	0
dark, lifeless, and artificially assembled.	0
MCuaghey's going to work, the dragons are okay, not much fire in the script.	1
The far future may be awesome to contemplation, but from traditional detail to marks of the heart, this fluid is most transporting when it stays put in the Past.	1
has all the details of a winning pool.	0
a movie with a real archaic fan.	1
a subject like this should inspire recognition in its audience; the subject does not...	0
is an aggressive attempt at directing by calle Kohuri.	0
Looking aristocratic, luminosity yet worn in Jane Hamilton's exemplary moments, Ramming gives a performance that could not be improved upon.	1
it 's hampered by a lifetime-channel kind of plot and a lead actress who is out of her depth . 	0
does paint some memorable images ... , but makhmalbaf keeps her distance from the characters 	1
hilariously inept and ridiculous . 	1
turns potentially forgettable formula into something strangely diverting . 	1
scooby dooby doo / and shaggy too / you both look and sound great . 	1
forced , familiar and thoroughly condescending . 	0
it takes talent to make a lifeless movie about the most heinous man who ever lived . 	0
by getting myself wrapped up in the visuals and eccentricities of many of the characters , i found myself confused when it came time to get to the heart of the movie . 	0
the end result is a film that 's neither . 	0
rarely has leukemia looked so shimmering and benign . 	0
the lower your expectations , the more you 'll enjoy it . 	0
reign of fire looks as if it was made without much thought -- and is best watched that way . 	1
if you believe any of this , i can make you a real deal on leftover enron stock that will double in value a week from friday . 	0
it 's like watching a nightmare made flesh . 	0
while there 's something intrinsically funny about sir anthony hopkins saying ` get in the car , bitch , ' this jerry bruckheimer production has little else to offer 	1
cool ? 	1
its well of thorn and vinegar ( and simple humanity ) has long been plundered by similar works featuring the insight and punch this picture so conspicuously lacks . 	0
there is a fabric of complex ideas here , and feelings that profoundly deepen them . 	1
jason x is positively anti-darwinian : nine sequels and 400 years later , the teens are none the wiser and jason still kills on auto-pilot . 	0
there has always been something likable about the marquis de sade . 	1
at times , the suspense is palpable , but by the end there 's a sense that the crux of the mystery hinges on a technicality that strains credulity and leaves the viewer haunted by the waste of potential . 	0
i do n't mind having my heartstrings pulled , but do n't treat me like a fool . 	0
it 's one heck of a character study -- not of hearst or davies but of the unique relationship between them . 	1
there is very little dread or apprehension , and though i like the creepy ideas , they are not executed with anything more than perfunctory skill . 	0
harrison 's flowers puts its heart in the right place , but its brains are in no particular place at all . 	1
plays like a volatile and overlong w magazine fashion spread . 	0
moretti 's compelling anatomy of grief and the difficult process of adapting to loss . 	0
although huppert 's intensity and focus has a raw exhilaration about it , the piano teacher is anything but fun . 	0
director uwe boll and the actors provide scant reason to care in this crude '70s throwback . 	0
professionally speaking , it 's tempting to jump ship in january to avoid ridiculous schlock like this shoddy suspense thriller . 	0
highbrow self-appointed guardians of culture need not apply , but those who loved cool as ice have at last found a worthy follow-up . 	1
a taut psychological thriller that does n't waste a moment of its two-hour running time . 	1
a science-fiction pastiche so lacking in originality that if you stripped away its inspirations there would be precious little left . 	0
good film , but very glum . 	1
no screen fantasy-adventure in recent memory has the showmanship of clones ' last 45 minutes . 	1
an interesting story with a pertinent ( cinematically unique ) message , told fairly well and scored to perfection , i found myself struggling to put my finger on that elusive `` missing thing . '' 	1
... routine , harmless diversion and little else . 	1
director of photography benoit delhomme shot the movie in delicious colors , and the costumes and sets are grand . 	1
wince-inducing dialogue , thrift-shop costumes , prosthetic makeup by silly putty and kmart blue-light-special effects all conspire to test trekkie loyalty . 	0
it 's somewhat clumsy and too lethargically paced -- but its story about a mysterious creature with psychic abilities offers a solid build-up , a terrific climax , and some nice chills along the way . 	0
it confirms fincher 's status as a film maker who artfully bends technical know-how to the service of psychological insight . 	1
this piece of channel 5 grade trash is , quite frankly , an insult to the intelligence of the true genre enthusiast . 	0
it 's made with deftly unsettling genre flair . 	1
collateral damage finally delivers the goods for schwarzenegger fans . 	1
despite the evocative aesthetics evincing the hollow state of modern love life , the film never percolates beyond a monotonous whine . 	0
